UNITID,OPEID6,Institution,City,County,Region,Regional Rank,ROI: Years to Recoup Net Costs,Predominant Award,Sector,Undergraduate Degree-seeking students,Median Earnings 10 Years After Enrollment,Earnings Above High School Graduate,Annual Net Price,Total Net Price (Two Years),ZIP,Latitude,Longitude,VALUE,DENOM,COUNTYFIP,median_earnings_10yr,total_net_price,N_unweighted_x,weight_sum_x,premium_statewide,premium_regional,roi_statewide_years,roi_regional_years,rank_statewide,rank_regional,rank_change,hs_median_income,N_unweighted_y,weight_sum_y
123509,7713,Skyline College,San Bruno,San Mateo,Bay Area,1,0.0,Associate's,Public,7132,55702,"$23,226 ",-1180,-2360,94066-1698,37.63042,-122.467335,5922.0,10706.0,81,55702,0,486.0,13004.0,23226.0,25702.0,0.0,0.0,1,1,0,30000.0,486.0,13004.0
111434,6973,Canada College,Redwood City,San Mateo,Bay Area,2,0.0,Associate's,Public,4878,50087,"$17,611 ",10,20,94061-1099,37.44877,-122.265398,4546.0,8026.0,81,50087,20,486.0,13004.0,17611.0,20087.0,0.0011356538527056953,0.0009956688405436352,5,5,0,30000.0,486.0,13004.0
122791,1181,College of San Mateo,San Mateo,San Mateo,Bay Area,3,0.1,Associate's,Public,7359,54172,"$21,696 ",1504,3008,94402-3784,37.535698,-122.334801,5754.0,11121.0,81,54172,3008,486.0,13004.0,21696.0,24172.0,0.13864306784660768,0.12444150256495118,8,10,-2,30000.0,486.0,13004.0
125499,1338,West Valley College,Saratoga,Santa Clara,Bay Area,4,0.2,Associate's,Public,6086,51688,"$19,212 ",1842,3684,95070,37.26398,-122.008324,4248.0,10764.0,85,51688,3684,1488.0,35243.0,19212.0,18188.0,0.19175515302935664,0.20255113261491092,11,17,-6,33500.0,1488.0,35243.0
114938,1202,Gavilan College,Gilroy,Santa Clara,Bay Area,5,0.3,Associate's,Public,4410,47169,"$14,693 ",2244,4488,95020,36.972627,-121.569842,3637.0,6043.0,85,47169,4488,1488.0,35243.0,14693.0,13669.0,0.30545157558020825,0.32833418684614823,16,24,-8,33500.0,1488.0,35243.0
113333,4480,De Anza College,Cupertino,Santa Clara,Bay Area,6,0.4,Associate's,Public,14953,56596,"$24,120 ",4667,9334,95014,37.319914,-122.045783,12032.0,23013.0,85,56596,9334,1488.0,35243.0,24120.0,23096.0,0.3869817578772803,0.4041392448908902,18,31,-13,33500.0,1488.0,35243.0
366401,30357,Las Positas College,Livermore,Alameda,Bay Area,7,0.4,Associate's,Public,6766,51088,"$18,612 ",4175,8350,94551-7650,37.710873,-121.80058,7604.0,8558.0,1,51088,8350,1474.0,38543.0,18612.0,23951.0,0.44863528906082095,0.34862844975157614,20,26,-6,27137.0,1474.0,38543.0
118930,21191,Mission College,Santa Clara,Santa Clara,Bay Area,8,0.6,Associate's,Public,5557,50936,"$18,460 ",5198,10396,95054-1897,37.391935,-121.980783,5093.0,8937.0,85,50936,10396,1488.0,35243.0,18460.0,17436.0,0.5631635969664138,0.5962376691901813,26,53,-27,33500.0,1488.0,35243.0
111920,1162,Chabot College,Hayward,Alameda,Bay Area,9,0.6,Associate's,Public,10861,48143,"$15,667 ",4616,9232,94545,37.642458,-122.105636,11573.0,13197.0,1,48143,9232,1474.0,38543.0,15667.0,21006.0,0.5892640582115274,0.4394934780538894,27,35,-8,27137.0,1474.0,38543.0
114716,1199,Foothill College,Los Altos Hills,Santa Clara,Bay Area,10,0.6,Certificate,Public,10922,57072,"$24,596 ",7549,15098,94022,37.361655,-122.127964,6937.0,16185.0,85,57072,15098,1488.0,35243.0,24596.0,23572.0,0.6138396487233696,0.6405056847106737,28,59,-31,33500.0,1488.0,35243.0
113634,1191,Diablo Valley College,Pleasant Hill,Contra Costa,Bay Area,11,0.6,Associate's,Public,14734,51378,"$18,902 ",6142,12284,94523,37.968516,-122.073142,12923.0,18534.0,13,51378,12284,980.0,28713.0,18902.0,26378.0,0.6498783197545234,0.46569110622488435,30,40,-10,25000.0,980.0,28713.0
123563,1292,Solano Community College,Fairfield,Solano,Bay Area,12,0.7,Associate's,Public,7688,44170,"$11,694 ",3869,7738,94534-3197,38.235881,-122.122368,7710.0,10421.0,95,44170,7738,643.0,16602.0,11694.0,13493.0,0.6617068582178895,0.5734825465055955,31,50,-19,30677.0,643.0,16602.0
123013,1287,Santa Rosa Junior College,Santa Rosa,Sonoma,Bay Area,13,0.8,Certificate,Public,14327,47224,"$14,748 ",5541,11082,95401-4395,38.45709,-122.718974,11433.0,20008.0,97,47224,11082,555.0,15224.0,14748.0,17024.0,0.7514239218877136,0.6509633458646616,38,61,-23,30200.0,555.0,15224.0
112190,4502,City College of San Francisco,San Francisco,San Francisco,Bay Area,14,1.1,Certificate,Public,16060,45805,"$13,329 ",7272,14544,94112-1898,37.725953,-122.451155,13116.0,22077.0,75,45805,14544,417.0,10098.0,13329.0,22897.0,1.0911546252532074,0.6351923832816526,49,58,-9,22908.0,417.0,10098.0
117894,10340,Los Medanos College,Pittsburg,Contra Costa,Bay Area,15,1.1,Associate's,Public,7100,42454,"$9,978 ",5692,11384,94565,38.006474,-121.860967,6939.0,9145.0,13,42454,11384,980.0,28713.0,9978.0,17454.0,1.1409100020044096,0.6522287154806921,53,62,-9,25000.0,980.0,28713.0
114266,12452,Evergreen Valley College,San Jose,Santa Clara,Bay Area,16,1.2,Associate's,Public,7670,53077,"$20,601 ",12591,25182,95135-1598,37.30167,-121.76561,7457.0,11638.0,85,53077,25182,1488.0,35243.0,20601.0,19577.0,1.2223678462210572,1.286305358328651,55,91,-36,33500.0,1488.0,35243.0
120290,4481,Ohlone College,Fremont,Alameda,Bay Area,17,1.3,Associate's,Public,6958,54278,"$21,802 ",14130,28260,94539-0390,37.529931,-121.911795,4469.0,9792.0,1,54278,28260,1474.0,38543.0,21802.0,27141.0,1.296211356756261,1.0412291367304078,58,71,-13,27137.0,1474.0,38543.0
112826,1190,Contra Costa College,San Pablo,Contra Costa,Bay Area,18,1.6,Certificate,Public,4805,40850,"$8,374 ",6522,13044,94806,37.969381,-122.337377,5374.0,7168.0,13,40850,13044,980.0,28713.0,8374.0,15850.0,1.5576785287795558,0.8229652996845426,61,66,-5,25000.0,980.0,28713.0
119331,1247,Napa Valley College,Napa,Napa,Bay Area,19,1.6,Associate's,Public,3205,49517,"$17,041 ",14046,28092,94558-6236,38.274081,-122.274381,2771.0,4300.0,55,49517,28092,161.0,3350.0,17041.0,24418.0,1.6484948066428027,1.150462773363912,67,82,-15,25099.0,161.0,3350.0
108667,6720,College of Alameda,Alameda,Alameda,Bay Area,20,1.8,Associate's,Public,4274,42563,"$10,087 ",9280,18560,94501,37.781017,-122.279303,5549.0,6853.0,1,42563,18560,1474.0,38543.0,10087.0,15426.0,1.8399920689997027,1.2031634902113315,72,85,-13,27137.0,1474.0,38543.0
125170,22427,Berkeley City College,Berkeley,Alameda,Bay Area,21,2.0,Associate's,Public,4541,41217,"$8,741 ",8957,17914,94704,37.869769,-122.269877,5326.0,7019.0,1,41217,17914,1474.0,38543.0,8741.0,14080.0,2.049422262898982,1.2723011363636363,80,88,-8,27137.0,1474.0,38543.0
122746,1282,San Jose City College,San Jose,Santa Clara,Bay Area,22,2.4,Certificate,Public,7039,46215,"$13,739 ",16658,33316,95128-2798,37.315827,-121.926185,6645.0,10139.0,85,46215,33316,1488.0,35243.0,13739.0,12715.0,2.424921755586287,2.62021234762092,87,111,-24,33500.0,1488.0,35243.0
118772,1267,Merritt College,Oakland,Alameda,Bay Area,23,2.5,Associate's,Public,5153,44392,"$11,916 ",14742,29484,94619-3196,37.789088,-122.167335,6099.0,7408.0,1,44392,29484,1474.0,38543.0,11916.0,17255.0,2.474320241691843,1.7087221095334686,89,97,-8,27137.0,1474.0,38543.0
118347,1178,College of Marin,Kentfield,Marin,Bay Area,24,3.0,Associate's,Public,3928,42654,"$10,178 ",15517,31034,94904-2590,37.951918,-122.548758,2255.0,5415.0,41,42654,31034,117.0,3120.0,10178.0,16623.0,3.049125564943997,1.8669313601636288,92,103,-11,26031.0,117.0,3120.0
382258,30624,Mt. Diablo Adult Education-Mt. Diablo USD,Concord,Contra Costa,Bay Area,25,3.2,Certificate,Public,153,40175,"$7,699 ",12260,24520,94518-1199,37.968852,-122.026805,,,13,40175,24520,980.0,28713.0,7699.0,15175.0,3.1848291985972206,1.615815485996705,93,96,-3,25000.0,980.0,28713.0
117247,1266,Laney College,Oakland,Alameda,Bay Area,26,6.6,Associate's,Public,7158,37282,"$4,806 ",15805,31610,94607,37.797257,-122.26283,7879.0,9775.0,1,37282,31610,1474.0,38543.0,4806.0,10145.0,6.57719517270079,3.1158206012814196,106,113,-7,27137.0,1474.0,38543.0
119137,7115,Moorpark College,Moorpark,Ventura,Central Coast,1,0.1,Associate's,Public,12011,49044,"$16,568 ",742,1484,93021-1695,34.301146,-118.834528,9556.0,16396.0,111,49044,1484,1070.0,24640.0,16568.0,20906.0,0.0895702559150169,0.0709844063905099,7,7,0,28138.0,1070.0,24640.0
120421,12842,Oxnard College,Oxnard,Ventura,Central Coast,2,0.1,Associate's,Public,6059,41393,"$8,917 ",659,1318,93033-6699,34.166104,-119.157604,6911.0,8697.0,111,41393,1318,1070.0,24640.0,8917.0,13255.0,0.14780755859594033,0.0994341757827235,9,9,0,28138.0,1070.0,24640.0
125028,1334,Ventura College,Ventura,Ventura,Central Coast,3,0.4,Associate's,Public,9971,43430,"$10,954 ",2257,4514,93003-3872,34.277393,-119.230604,10284.0,14146.0,111,43430,4514,1070.0,24640.0,10954.0,15292.0,0.41208690889172905,0.2951870258958933,19,21,-2,28138.0,1070.0,24640.0
108807,1111,Allan Hancock College,Santa Maria,Santa Barbara,Central Coast,5,0.9,Associate's,Public,7812,42786,"$10,310 ",4638,9276,93454-6399,34.943716,-120.421144,8440.0,10736.0,83,42786,9276,477.0,9814.0,10310.0,21548.0,0.8997090203685743,0.4304807870800074,43,34,9,21238.0,477.0,9814.0
122889,1285,Santa Barbara City College,Santa Barbara,Santa Barbara,Central Coast,6,1.3,Associate's,Public,10070,47647,"$15,171 ",10029,20058,93109-2394,34.406788,-119.698045,10983.0,17813.0,83,47647,20058,477.0,9814.0,15171.0,26409.0,1.3221277437215742,0.7595138021129161,59,64,-5,21238.0,477.0,9814.0
113193,1192,Cuesta College,San Luis Obispo,San Luis Obispo,Central Coast,7,1.9,Certificate,Public,6879,46047,"$13,571 ",12898,25796,93403-8106,35.331276,-120.742235,5349.0,9254.0,79,46047,25796,295.0,7081.0,13571.0,17933.0,1.9008179205659126,1.4384653989851113,74,92,-18,28114.0,295.0,7081.0
110334,1124,Cabrillo College,Aptos,Santa Cruz,Central Coast,8,2.3,Associate's,Public,7404,44114,"$11,638 ",13328,26656,95003,36.989448,-121.924797,6107.0,10103.0,87,44114,26656,222.0,4756.0,11638.0,14959.0,2.2904279085753565,1.7819372952737482,85,100,-15,29155.0,222.0,4756.0
417123,30847,Ventura Adult and Continuing Education,Ventura,Ventura,Central Coast,10,3.5,Certificate,Public,52,38232,"$5,756 ",9949,19898,93003-0000,34.256061,-119.219561,,,111,38232,19898,1070.0,24640.0,5756.0,10094.0,3.456914523974983,1.9712700614226273,97,105,-8,28138.0,1070.0,24640.0
115861,1214,Imperial Valley College,Imperial,Imperial,Imperial,1,1.7,Associate's,Public,6881,34487,"$2,011 ",1697,3394,92251-0158,32.827209,-115.503563,7840.0,9030.0,25,34487,3394,360.0,7798.0,2011.0,22688.0,1.687717553455992,0.14959449929478139,68,11,57,11799.0,360.0,7798.0
460394,41735,Moreno Valley College,Moreno Valley,Riverside,Inland Empire,1,0.2,Associate's,Public,8292,52133,"$19,657 ",1996,3992,92551,33.88744,-117.20271,10471.0,13155.0,65,52133,3992,3993.0,109837.0,19657.0,26176.0,0.2030828712417968,0.15250611246943765,12,12,0,25957.0,3993.0,109837.0
460464,41761,Norco College,Norco,Riverside,Inland Empire,2,0.3,Associate's,Public,8359,51206,"$18,730 ",2845,5690,92860,33.917387,-117.570212,10378.0,13442.0,65,51206,5690,3993.0,109837.0,18730.0,25249.0,0.30379071009076347,0.22535545962216325,15,18,-3,25957.0,3993.0,109837.0
121901,1270,Riverside City College,Riverside,Riverside,Inland Empire,3,0.9,Associate's,Public,17361,41091,"$8,615 ",4026,8052,92506,33.970918,-117.384323,20097.0,24974.0,65,41091,8052,3993.0,109837.0,8615.0,15134.0,0.934648868253047,0.5320470463856217,45,45,0,25957.0,3993.0,109837.0
111939,1163,Chaffey College,Rancho Cucamonga,San Bernardino,Inland Empire,4,1.1,Associate's,Public,13568,42975,"$10,499 ",5743,11486,91737-3002,34.147663,-117.573932,17257.0,23324.0,71,42975,11486,3595.0,103711.0,10499.0,18975.0,1.0940089532336412,0.6053227931488802,50,55,-5,24000.0,3595.0,103711.0
125091,1335,Victor Valley College,Victorville,San Bernardino,Inland Empire,5,1.8,Certificate,Public,12107,36119,"$3,643 ",3228,6456,92395-5850,34.472231,-117.261456,9382.0,14968.0,71,36119,6456,3595.0,103711.0,3643.0,12119.0,1.772165797419709,0.5327172208928129,70,46,24,24000.0,3595.0,103711.0
113111,9272,Crafton Hills College,Yucaipa,San Bernardino,Inland Empire,6,2.1,Associate's,Public,5074,42553,"$10,077 ",10655,21310,92339-1799,34.039178,-117.101173,4770.0,7016.0,71,42553,21310,3595.0,103711.0,10077.0,18553.0,2.114716681552049,1.1486013043712606,83,81,2,24000.0,3595.0,103711.0
123527,1272,San Bernardino Valley College,San Bernardino,San Bernardino,Inland Empire,7,2.3,Certificate,Public,11106,39676,"$7,200 ",8234,16468,92410-2798,34.086353,-117.313248,11733.0,15121.0,71,39676,16468,3595.0,103711.0,7200.0,15676.0,2.2872222222222223,1.05052309262567,84,72,12,24000.0,3595.0,103711.0
119216,1246,Mt San Jacinto Community College District,San Jacinto,Riverside,Inland Empire,8,2.4,Associate's,Public,14859,38319,"$5,843 ",7098,14196,92583-2399,33.806748,-116.971169,15585.0,22737.0,65,38319,14196,3993.0,109837.0,5843.0,12362.0,2.4295738490501453,1.1483578708946773,88,80,8,25957.0,3993.0,109837.0
449357,39993,Beaumont Adult School,Beaumont,Riverside,Inland Empire,9,3.3,Certificate,Public,101,50801,"$18,325 ",30407,60814,92223,33.951365,-116.964728,,,65,50801,60814,3993.0,109837.0,18325.0,24844.0,3.3186357435197817,2.447834487200129,95,110,-15,25957.0,3993.0,109837.0
113573,1182,College of the Desert,Palm Desert,Riverside,Inland Empire,10,3.6,Associate's,Public,8900,39020,"$6,544 ",11812,23624,92260,33.732108,-116.388271,9468.0,12265.0,65,39020,23624,3993.0,109837.0,6544.0,13063.0,3.6100244498777507,1.8084666615631937,98,101,-3,25957.0,3993.0,109837.0
120953,1259,Palo Verde College,Blythe,Riverside,Inland Empire,11,5.4,Associate's,Public,2909,36389,"$3,913 ",10543,21086,92225,33.661538,-114.651698,2927.0,3190.0,65,36389,21086,3993.0,109837.0,3913.0,10432.0,5.3887043189368775,2.0212806748466257,105,107,-2,25957.0,3993.0,109837.0
109907,1119,Barstow Community College,Barstow,San Bernardino,Inland Empire,12,9.4,Associate's,Public,2585,35104,"$2,628 ",12347,24694,92311,34.870285,-117.023412,3663.0,4741.0,71,35104,24694,3595.0,103711.0,2628.0,11104.0,9.396499238964992,2.223883285302594,108,109,-1,24000.0,3595.0,103711.0
395362,35424,Copper Mountain Community College,Joshua Tree,San Bernardino,Inland Empire,13,19.8,Associate's,Public,1090,33281,$805 ,7962,15924,92252,34.140464,-116.213939,1207.0,1398.0,71,33281,15924,3595.0,103711.0,805.0,9281.0,19.78136645962733,1.715763387565995,110,98,12,24000.0,3595.0,103711.0
111887,1161,Cerritos College,Norwalk,Los Angeles,Los Angeles,1,0.2,Certificate,Public,18710,41156,"$8,680 ",693,1386,90650-6298,33.886874,-118.097337,18313.0,25553.0,37,41156,1386,14123.0,330414.0,8680.0,17558.0,0.1596774193548387,0.07893837566921062,10,8,2,23598.0,14123.0,330414.0
111461,8903,College of the Canyons,Santa Clarita,Los Angeles,Los Angeles,2,0.3,Associate's,Public,15365,49022,"$16,546 ",2114,4228,91355-1899,34.403993,-118.568698,10415.0,17998.0,37,49022,4228,14123.0,330414.0,16546.0,25424.0,0.25553003747129216,0.16629955947136563,14,13,1,23598.0,14123.0,330414.0
119164,1245,Mt San Antonio College,Walnut,Los Angeles,Los Angeles,3,0.5,Associate's,Public,25311,46283,"$13,807 ",3107,6214,91789-1399,34.047764,-117.846629,24699.0,53032.0,37,46283,6214,14123.0,330414.0,13807.0,22685.0,0.45006156297530236,0.27392550143266475,21,20,1,23598.0,14123.0,330414.0
121044,1261,Pasadena City College,Pasadena,Los Angeles,Los Angeles,4,0.5,Associate's,Public,20624,43937,"$11,461 ",3123,6246,91106-2003,34.144552,-118.118196,20373.0,29067.0,37,43937,6246,14123.0,330414.0,11461.0,20339.0,0.5449786231567926,0.30709474408771326,24,23,1,23598.0,14123.0,330414.0
122977,1286,Santa Monica College,Santa Monica,Los Angeles,Los Angeles,5,0.7,Associate's,Public,21194,42193,"$9,717 ",3600,7200,90405-1628,34.017022,-118.469765,20045.0,32595.0,37,42193,7200,14123.0,330414.0,9717.0,18595.0,0.7409694350108058,0.38720086044635654,37,29,8,23598.0,14123.0,330414.0
112172,1166,Citrus College,Glendora,Los Angeles,Los Angeles,6,0.8,Certificate,Public,8126,42065,"$9,589 ",3800,7600,91741-1899,34.13537,-117.886469,8519.0,11777.0,37,42065,7600,14123.0,330414.0,9589.0,18467.0,0.7925748253206799,0.4115449179617696,39,32,7,23598.0,14123.0,330414.0
113980,1197,El Camino Community College District,Torrance,Los Angeles,Los Angeles,7,1.1,Associate's,Public,18994,41589,"$9,113 ",5170,10340,90506,33.885229,-118.329913,16262.0,24815.0,37,41589,10340,14123.0,330414.0,9113.0,17991.0,1.1346428179523758,0.5747318103496193,52,51,1,23598.0,14123.0,330414.0
383084,5655,Hacienda La Puente Adult Education,La Puente,Los Angeles,Los Angeles,8,1.2,Certificate,Public,496,39271,"$6,795 ",4211,8422,91746-0002,34.043301,-117.979139,,,37,39271,8422,14123.0,330414.0,6795.0,15673.0,1.23944076526858,0.537357238563134,56,48,8,23598.0,14123.0,330414.0
117645,1219,Long Beach City College,Long Beach,Los Angeles,Los Angeles,9,1.6,Certificate,Public,21899,38870,"$6,394 ",5001,10002,90808-1706,33.833593,-118.135633,22684.0,29298.0,37,38870,10002,14123.0,330414.0,6394.0,15272.0,1.56427901157335,0.6549240440020954,62,63,-1,23598.0,14123.0,330414.0
115001,1203,Glendale Community College,Glendale,Los Angeles,Los Angeles,10,1.6,Associate's,Public,9807,41540,"$9,064 ",7461,14922,91208-2894,34.16745,-118.227666,11601.0,19503.0,37,41540,14922,14123.0,330414.0,9064.0,17942.0,1.6462930273609886,0.8316798573180247,66,67,-1,23598.0,14123.0,330414.0
371690,5638,Downey Adult School,Downey,Los Angeles,Los Angeles,11,1.8,Certificate,Public,844,46851,"$14,375 ",13102,26204,90241,33.91965,-118.115727,,,37,46851,26204,14123.0,330414.0,14375.0,23253.0,1.8228869565217392,1.1269083559110653,71,79,-8,23598.0,14123.0,330414.0
117706,1226,Los Angeles Pierce College,Woodland Hills,Los Angeles,Los Angeles,12,1.9,Associate's,Public,13029,44521,"$12,045 ",11196,22392,91371-0002,34.183949,-118.575071,16235.0,22691.0,37,44521,22392,14123.0,330414.0,12045.0,20923.0,1.8590286425902864,1.0702098169478564,73,77,-4,23598.0,14123.0,330414.0
121886,1269,Rio Hondo College,Whittier,Los Angeles,Los Angeles,13,1.9,Associate's,Public,15365,44950,"$12,474 ",11903,23806,90601-1616,34.019821,-118.033506,17482.0,27039.0,37,44950,23806,14123.0,330414.0,12474.0,21352.0,1.9084495751162418,1.1149306856500563,75,78,-3,23598.0,14123.0,330414.0
117733,1228,Los Angeles Valley College,Valley Glen,Los Angeles,Los Angeles,14,2.0,Associate's,Public,12470,42678,"$10,202 ",10200,20400,91401-4096,34.175165,-118.421734,17357.0,21942.0,37,42678,20400,14123.0,330414.0,10202.0,19080.0,1.999607920015683,1.069182389937107,78,76,2,23598.0,14123.0,330414.0
113856,22260,East Los Angeles College,Monterey Park,Los Angeles,Los Angeles,15,2.1,Associate's,Public,24401,42006,"$9,530 ",9791,19582,91754-6099,34.040531,-118.148785,32724.0,46499.0,37,42006,19582,14123.0,330414.0,9530.0,18408.0,2.0547743966421828,1.0637766188613647,81,74,7,23598.0,14123.0,330414.0
125471,8596,West Los Angeles College,Culver City,Los Angeles,Los Angeles,16,2.4,Associate's,Public,7277,38537,"$6,061 ",7131,14262,90230-3519,34.004512,-118.386664,12065.0,14984.0,37,38537,14262,14123.0,330414.0,6061.0,14939.0,2.3530770499917506,0.9546823749916327,86,69,17,23598.0,14123.0,330414.0
117690,1224,Los Angeles Harbor College,Wilmington,Los Angeles,Los Angeles,17,2.6,Associate's,Public,6496,41133,"$8,657 ",11245,22490,90744-2397,33.785825,-118.283549,10533.0,13171.0,37,41133,22490,14123.0,330414.0,8657.0,17535.0,2.5978976550768165,1.2825777017393785,90,90,0,23598.0,14123.0,330414.0
117867,12550,Los Angeles Mission College,Sylmar,Los Angeles,Los Angeles,18,3.3,Associate's,Public,8031,39834,"$7,358 ",11972,23944,91342-3200,34.314668,-118.4195,12543.0,15520.0,37,39834,23944,14123.0,330414.0,7358.0,16236.0,3.254145148138081,1.4747474747474747,94,93,1,23598.0,14123.0,330414.0
117788,1223,Los Angeles City College,Los Angeles,Los Angeles,Los Angeles,19,4.1,Associate's,Public,10857,36190,"$3,714 ",7532,15064,90029,34.087301,-118.292169,16261.0,20743.0,37,36190,15064,14123.0,330414.0,3714.0,12592.0,4.056004308023694,1.196315120711563,100,84,16,23598.0,14123.0,330414.0
109350,1113,Antelope Valley Community College District,Lancaster,Los Angeles,Los Angeles,20,4.1,Associate's,Public,10905,36526,"$4,050 ",8263,16526,93536-5426,34.676207,-118.186166,12320.0,14010.0,37,36526,16526,14123.0,330414.0,4050.0,12928.0,4.080493827160494,1.2783106435643565,101,89,12,23598.0,14123.0,330414.0
372082,30296,Pomona Unified School District Adult and Career Education,Pomona,Los Angeles,Los Angeles,21,5.1,Certificate,Public,84,34849,"$2,373 ",6005,12010,91767,34.061736,-117.720478,,,37,34849,12010,14123.0,330414.0,2373.0,11251.0,5.06110408765276,1.0674606701626521,103,75,28,23598.0,14123.0,330414.0
117724,1227,Los Angeles Trade Technical College,Los Angeles,Los Angeles,Los Angeles,22,7.7,Certificate,Public,10165,35233,"$2,757 ",10658,21316,90015-4181,34.031907,-118.269447,12017.0,14572.0,37,35233,21316,14123.0,330414.0,2757.0,11635.0,7.731592310482409,1.8320584443489472,107,102,5,23598.0,14123.0,330414.0
112686,42817,Compton College,Compton,Los Angeles,Los Angeles,23,13.0,Associate's,Public,2881,34181,"$1,705 ",11103,22206,90221-5393,33.878226,-118.209463,3806.0,4976.0,37,34181,22206,14123.0,330414.0,1705.0,10583.0,13.024046920821114,2.098270811679108,109,108,1,23598.0,14123.0,330414.0
417105,30674,Baldwin Park Adult & Community Education,Baldwin Park,Los Angeles,Los Angeles,24,,Certificate,Public,435,32069,($407),7450,14900,91706-4221,34.09673,-117.959486,,,37,32069,14900,14123.0,330414.0,0.0,8471.0,,1.7589422736394758,111,99,12,23598.0,14123.0,330414.0
117715,7047,Los Angeles Southwest College,Los Angeles,Los Angeles,Los Angeles,25,,Associate's,Public,3793,32172,($304),6683,13366,90047-4899,33.929586,-118.304674,7159.0,8725.0,37,32172,13366,14123.0,330414.0,0.0,8574.0,,1.5588989969675764,111,95,16,23598.0,14123.0,330414.0
123299,1289,Shasta College,Redding,Shasta,North-Far North,1,1.1,Associate's,Public,5536,39269,"$6,793 ",3743,7486,96003,40.625731,-122.317982,5576.0,7563.0,89,39269,7486,277.0,7389.0,6793.0,15671.0,1.1020167819814515,0.4776976580945696,51,42,9,23598.0,277.0,7389.0
121707,1185,College of the Redwoods,Eureka,Humboldt,North-Far North,2,1.7,Associate's,Public,3514,36243,"$3,767 ",3214,6428,95501-9300,40.698427,-124.195293,3914.0,4982.0,23,36243,6428,209.0,4480.0,3767.0,13733.0,1.7063976639235465,0.46806961334012964,69,41,28,22510.0,209.0,4480.0
116439,25395,Irvine Valley College,Irvine,Orange,Orange,1,0.2,Associate's,Public,9577,49156,"$16,680 ",1886,3772,92618-0301,33.675381,-117.777539,7928.0,16773.0,59,49156,3772,3207.0,79074.0,16680.0,21156.0,0.22613908872901678,0.17829457364341086,13,15,-2,28000.0,3207.0,79074.0
122205,8918,Saddleback College,Mission Viejo,Orange,Orange,2,0.3,Associate's,Public,15959,50874,"$18,398 ",2976,5952,92692-3635,33.553346,-117.665584,13887.0,30647.0,59,50874,5952,3207.0,79074.0,18398.0,22874.0,0.3235134253723231,0.26020809652881,17,19,-2,28000.0,3207.0,79074.0
115126,1206,Golden West College,Huntington Beach,Orange,Orange,3,0.5,Associate's,Public,8919,43145,"$10,669 ",2861,5722,92647-2710,33.732531,-118.002568,10952.0,16181.0,59,43145,5722,3207.0,79074.0,10669.0,15145.0,0.5363201799606336,0.3778144602178937,23,27,-4,28000.0,3207.0,79074.0
399212,36957,Santiago Canyon College,Orange,Orange,Orange,4,0.5,Certificate,Public,10613,44956,"$12,480 ",3407,6814,92869-4512,33.795449,-117.766762,8629.0,16002.0,59,44956,6814,3207.0,79074.0,12480.0,16956.0,0.5459935897435897,0.401863647086577,25,30,-5,28000.0,3207.0,79074.0
120342,1250,Orange Coast College,Costa Mesa,Orange,Orange,5,0.6,Certificate,Public,16117,47348,"$14,872 ",4754,9508,92626,33.66927,-117.909086,14646.0,22001.0,59,47348,9508,3207.0,79074.0,14872.0,19348.0,0.6393222162452932,0.4914203018399835,29,43,-14,28000.0,3207.0,79074.0
121619,1284,Santa Ana College,Santa Ana,Orange,Orange,6,0.7,Certificate,Public,22011,43552,"$11,076 ",3854,7708,92706-3398,33.759309,-117.887558,18369.0,32376.0,59,43552,7708,3207.0,79074.0,11076.0,15552.0,0.6959191043698086,0.4956275720164609,33,44,-11,28000.0,3207.0,79074.0
113236,1193,Cypress College,Cypress,Orange,Orange,7,0.8,Certificate,Public,12309,43533,"$11,057 ",4683,9366,90630-5897,33.82833,-118.025143,12649.0,15440.0,59,43533,9366,3207.0,79074.0,11057.0,15533.0,0.8470652075608212,0.6029743127534926,42,54,-12,28000.0,3207.0,79074.0
114859,1201,Fullerton College,Fullerton,Orange,Orange,8,1.5,Associate's,Public,16637,43366,"$10,890 ",8090,16180,92832-2095,33.875514,-117.918255,16490.0,21103.0,59,43366,16180,3207.0,79074.0,10890.0,15366.0,1.4857667584940313,1.0529740986593779,60,73,-13,28000.0,3207.0,79074.0
112385,20635,Coastline Community College,Fountain Valley,Orange,Orange,9,1.6,Associate's,Public,7007,44483,"$12,007 ",9605,19210,92708-2597,33.716054,-117.928979,9820.0,14888.0,59,44483,19210,3207.0,79074.0,12007.0,16483.0,1.5999000582993255,1.1654431838864285,65,83,-18,28000.0,3207.0,79074.0
123341,1290,Sierra College,Rocklin,Placer,Sacramento-Tahoe,1,0.7,Associate's,Public,13455,45294,"$12,818 ",4462,8924,95677-3397,38.790773,-121.211688,10546.0,16755.0,61,45294,8924,338.0,8081.0,12818.0,20294.0,0.6962084568575441,0.43973588252685525,34,36,-2,25000.0,338.0,8081.0
444219,38713,Folsom Lake College,Folsom,Sacramento,Sacramento-Tahoe,2,0.7,Associate's,Public,8937,42568,"$10,092 ",3661,7322,95630,38.661372,-121.127486,9711.0,13924.0,67,42568,7322,2193.0,56159.0,10092.0,17568.0,0.7255251684502576,0.4167805100182149,36,33,3,25000.0,2193.0,56159.0
122180,1233,Sacramento City College,Sacramento,Sacramento,Sacramento-Tahoe,3,0.8,Associate's,Public,16952,42214,"$9,738 ",3974,7948,95822-1386,38.541096,-121.491139,20013.0,25235.0,67,42214,7948,2193.0,56159.0,9738.0,17214.0,0.8161840213596221,0.4617172069245963,40,38,2,25000.0,2193.0,56159.0
113096,7536,Cosumnes River College,Sacramento,Sacramento,Sacramento-Tahoe,4,0.9,Associate's,Public,13527,42446,"$9,970 ",4648,9296,95823-5799,38.45295,-121.423108,15818.0,19766.0,67,42446,9296,2193.0,56159.0,9970.0,17446.0,0.9323971915747242,0.5328442049753526,44,47,-3,25000.0,2193.0,56159.0
455512,41438,Woodland Community College,Woodland,Yolo,Sacramento-Tahoe,6,1.1,Associate's,Public,2949,40042,"$7,566 ",4097,8194,95776,38.660392,-121.73533,3556.0,4502.0,113,40042,8194,201.0,4874.0,7566.0,17624.0,1.0830029077451757,0.4649341806627326,48,39,9,22418.0,201.0,4874.0
109208,1232,American River College,Sacramento,Sacramento,Sacramento-Tahoe,7,1.2,Associate's,Public,25758,40162,"$7,686 ",4628,9256,95841-4286,38.65085,-121.349672,23916.0,30026.0,67,40162,9256,2193.0,56159.0,7686.0,15162.0,1.2042674993494666,0.6104735523018071,54,56,-2,25000.0,2193.0,56159.0
123493,9509,Charles A Jones Career and Education Center,Sacramento,Sacramento,Sacramento-Tahoe,8,3.7,Certificate,Public,90,41047,"$8,571 ",15980,31960,95824-1529,38.516233,-121.440796,,,67,41047,31960,2193.0,56159.0,8571.0,16047.0,3.7288531093221327,1.991649529507073,99,106,-7,25000.0,2193.0,56159.0
117195,12907,Lake Tahoe Community College,South Lake Tahoe,El Dorado,Sacramento-Tahoe,9,5.2,Associate's,Public,2909,36657,"$4,181 ",10975,21950,96150,38.926797,-119.972574,2441.0,5052.0,17,36657,21950,174.0,4721.0,4181.0,7394.0,5.249940205692418,2.9686232080064916,104,112,-8,29263.0,174.0,4721.0
122384,11820,San Diego Miramar College,San Diego,San Diego,San Diego,1,0.0,Associate's,Public,10740,48224,"$15,748 ",-2735,-5470,92126-2999,32.909757,-117.120261,12311.0,18000.0,73,48224,0,3704.0,99359.0,15748.0,22267.0,0.0,0.0,1,1,0,25957.0,3704.0,99359.0
122375,1275,San Diego Mesa College,San Diego,San Diego,San Diego,2,0.0,Associate's,Public,15899,45120,"$12,644 ",-904,-1808,92111-4998,32.803825,-117.169165,18043.0,24787.0,73,45120,0,3704.0,99359.0,12644.0,19163.0,0.0,0.0,1,1,0,25957.0,3704.0,99359.0
122339,1273,San Diego City College,San Diego,San Diego,San Diego,3,0.0,Associate's,Public,10584,38503,"$6,027 ",-818,-1636,92101-4787,32.717403,-117.152733,13712.0,17264.0,73,38503,0,3704.0,99359.0,6027.0,12546.0,0.0,0.0,1,1,0,25957.0,3704.0,99359.0
115296,1208,Grossmont College,El Cajon,San Diego,San Diego,4,0.7,Associate's,Public,11467,40309,"$7,833 ",2755,5510,92020-1799,32.815246,-117.006277,11466.0,15585.0,73,40309,5510,3704.0,99359.0,7833.0,14352.0,0.7034341886888804,0.38391861761426976,35,28,7,25957.0,3704.0,99359.0
120971,1260,Palomar College,San Marcos,San Diego,San Diego,5,1.1,Certificate,Public,16167,42300,"$9,824 ",5247,10494,92069-1487,33.149483,-117.183978,11260.0,19866.0,73,42300,10494,3704.0,99359.0,9824.0,16343.0,1.068200325732899,0.6421097717677293,47,60,-13,25957.0,3704.0,99359.0
118912,1239,MiraCosta College,Oceanside,San Diego,San Diego,6,1.3,Certificate,Public,10474,43845,"$11,369 ",7178,14356,92056-3899,33.190483,-117.302606,9287.0,16300.0,73,43845,14356,3704.0,99359.0,11369.0,17888.0,1.2627319905004837,0.8025491949910555,57,65,-8,25957.0,3704.0,99359.0
123800,1294,Southwestern College,Chula Vista,San Diego,San Diego,7,2.9,Associate's,Public,16640,40060,"$7,584 ",10893,21786,91910-7299,32.640281,-116.996803,16636.0,22553.0,73,40060,21786,3704.0,99359.0,7584.0,14103.0,2.872626582278481,1.5447777068708786,91,94,-3,25957.0,3704.0,99359.0
113218,21113,Cuyamaca College,El Cajon,San Diego,San Diego,8,,Associate's,Public,6788,32435,($41),6187,12374,92019,32.744305,-116.942854,8125.0,10384.0,73,32435,12374,3704.0,99359.0,0.0,6478.0,,1.9101574560049397,111,104,7,25957.0,3704.0,99359.0
123217,1186,College of the Sequoias,Visalia,Tulare,San Joaquin Valley,1,0.0,Associate's,Public,10752,39092,"$6,616 ",29,58,93277-2214,36.323877,-119.315182,12007.0,15131.0,107,39092,58,840.0,21186.0,6616.0,19092.0,0.008766626360338573,0.0030379216425728056,6,6,0,20000.0,840.0,21186.0
117052,1308,Reedley College,Reedley,Fresno,San Joaquin Valley,2,0.5,Certificate,Public,4853,38493,"$6,017 ",1584,3168,93654,36.605428,-119.458555,7333.0,9114.0,19,38493,3168,1519.0,42470.0,6017.0,18435.0,0.526508226691042,0.17184703010577707,22,14,8,20058.0,1519.0,42470.0
114789,1307,Fresno City College,Fresno,Fresno,San Joaquin Valley,3,0.7,Associate's,Public,18774,37361,"$4,885 ",1699,3398,93741,36.768164,-119.796096,20035.0,23927.0,19,37361,3398,1519.0,42470.0,4885.0,17303.0,0.6955987717502559,0.19638213026642778,32,16,16,20058.0,1519.0,42470.0
124113,1309,Taft College,Taft,Kern,San Joaquin Valley,4,0.8,Associate's,Public,3216,38861,"$6,385 ",2699,5398,93268,35.149343,-119.459751,2324.0,2780.0,29,38861,5398,1751.0,44766.0,6385.0,17861.0,0.8454189506656226,0.3022227198925032,41,22,19,21000.0,1751.0,44766.0
122658,1280,San Joaquin Delta College,Stockton,San Joaquin,San Joaquin Valley,5,1.6,Associate's,Public,13964,43212,"$10,736 ",8508,17016,95207,37.995562,-121.317597,16268.0,20353.0,77,43212,17016,1303.0,35412.0,10736.0,13715.0,1.5849478390461997,1.2406853809697411,63,86,-23,29497.0,1303.0,35412.0
118718,1237,Merced College,Merced,Merced,San Joaquin Valley,6,1.6,Associate's,Public,9677,37815,"$5,339 ",4260,8520,95348-2806,37.3353,-120.476464,9863.0,12644.0,47,37815,8520,503.0,14502.0,5339.0,15397.0,1.5958044577636261,0.553354549587582,64,49,15,22418.0,503.0,14502.0
121363,1268,Porterville College,Porterville,Tulare,San Joaquin Valley,7,1.9,Associate's,Public,2775,36328,"$3,852 ",3728,7456,93257,36.049256,-119.014368,3970.0,4695.0,107,36328,7456,840.0,21186.0,3852.0,16328.0,1.9356178608515058,0.4566389024987751,76,37,39,20000.0,840.0,21186.0
109819,1118,Bakersfield College,Bakersfield,Kern,San Joaquin Valley,8,2.0,Associate's,Public,16451,37291,"$4,815 ",4751,9502,93305-1299,35.40911,-118.973753,24394.0,29744.0,29,37291,9502,1751.0,44766.0,4815.0,16291.0,1.973416407061267,0.5832668344484685,77,52,25,21000.0,1751.0,44766.0
448594,41113,Lemoore College,Lemoore,Kings,San Joaquin Valley,9,2.0,Associate's,Public,3223,40292,"$7,816 ",7961,15922,93245,36.292431,-119.823866,3523.0,4135.0,31,40292,15922,409.0,7861.0,7816.0,25292.0,2.037103377686796,0.6295271232010122,79,57,22,15000.0,409.0,7861.0
118976,1240,Modesto Junior College,Modesto,Stanislaus,San Joaquin Valley,10,2.1,Associate's,Public,14714,42368,"$9,892 ",10176,20352,95350-5800,37.651056,-121.009792,16121.0,21159.0,99,42368,20352,942.0,25820.0,9892.0,16128.0,2.0574201374848364,1.2619047619047619,82,87,-5,26240.0,942.0,25820.0
125462,1176,Coalinga College,Coalinga,Fresno,San Joaquin Valley,11,3.3,Associate's,Public,2177,37633,"$5,157 ",8626,17252,93210,36.147891,-120.356747,2858.0,3345.0,19,37633,17252,1519.0,42470.0,5157.0,17575.0,3.3453558270312196,0.9816216216216216,96,70,26,20058.0,1519.0,42470.0
111896,10111,Cerro Coso Community College,Ridgecrest,Kern,San Joaquin Valley,12,4.9,Associate's,Public,3496,34963,"$2,487 ",6078,12156,93555-9571,35.567525,-117.66767,4528.0,6138.0,29,34963,12156,1751.0,44766.0,2487.0,13963.0,4.887816646562123,0.8705865501683019,102,68,34,21000.0,1751.0,44766.0
110246,8073,Butte College,Oroville,Butte,Upper Sacramento Valley,1,1.0,Associate's,Public,8384,41810,"$9,334 ",4632,9264,95965-8399,39.649782,-121.644831,7883.0,10571.0,7,41810,9264,272.0,5609.0,9334.0,26810.0,0.9925005356760231,0.34554270794479675,46,25,21,15000.0,272.0,5609.0
